tip_x,tip_y,tip_z,theta,phi
-8.57492734450757e-06,0.001283734166454011,0.017815196374210012,0.14387129228408613,1.5774759027069372
