tip_x,tip_y,tip_z
-1.0842021724855044e-19,0.0007499999999999994,0.0235
0.00038888888888888876,0.0001666666666666661,0.0235
